{
  "locations": [
    {
      "category": "CAMPUS",
      "sites": [
        { "name": "ABRAMSON" },
        { "name": "125 S. 31ST STREET" },
        { "name": "1500 MARKET ST" },
        { "name": "3020 MARKET ST" },
        { "name": "3401 MARKET ST" },
        { "name": "3535 MARKET ST" },
        { "name": "3600 CIVIC CENTER BLVD" },
        { "name": "3600 MARKET ST" },
        { "name": "3624 MARKET ST" },
        { "name": "3701 MARKET ST" },
        { "name": "3711 MARKET ST" },
        { "name": "3819 CHESTNUT ST" },
        { "name": "3900 CHESTNUT" },
        { "name": "3930 CHESTNUT ST" },
        { "name": "4536 SPRUCE ST" },
        { "name": "ANATOMY CHEMISTRY" },
        { "name": "BRB" },
        { "name": "BLOCKLEY HALL" },
        { "name": "Becker ENT - 255 S. 17TH STREET" },
        { "name": "Clyde Barker Penn Transplant (3940 Spruce St)" },
        { "name": "CRB" },
        { "name": "FMC (2929 Walnut St)" },
        { "name": "GODDARD" },
        { "name": "JOHN MORGAN" },
        { "name": "JOHNSON PAVILION" },
        { "name": "PHILADELPHIA - Becker ENT (1608 Walnut St.)" },
        { "name": "PHILADELPHIA - Becker ENT (1740 South St.)" },
        { "name": "PHILADELPHIA - Penn Transplant Institute Broad St (219 North Broad St.)" },
        { "name": "Philadelphia Juvenile Justice Services Center (91 N. 48th St.)" },
        { "name": "Richards Medical Research Laboratories (3700 Hamilton Walk)" },
        { "name": "RALSTON HOUSE (3615 CHESTNUT ST)" },
        { "name": "ST. LEONARDS COURT (3800 CHESTNUT ST)" },
        { "name": "TRL" },
        { "name": "STELLAR-CHANCE LABS" },
        { "name": "VAGELOS" }
      ]
    },
    {
      "category": "CCH",
      "sites": [
        { "name": "600 E. Marshall St" },
        { "name": "606 E. Marshall St" },
        { "name": "Associates for Women's Medicine (600 E. Marshall St, Suite 205)" },
        { "name": "Cancer Center (440 E. Marshall, Suite 201)" },
        { "name": "CCH IT (602 E. Marshall St)" },
        { "name": "CCH Main Building (701 E. Marshall St)" },
        { "name": "Corporate Information Management (323 E. Marshall St)" },
        { "name": "EXTON - Lab (716 W. Lincoln Hwy)" },
        { "name": "EXTON - Ortho (479 Thomas Jones Way)" },
        { "name": "EXTON - Penn Hem Onc (720 W. Lincoln Hwy, Suite 720)" },
        { "name": "EXTON - Penn Primary Care (495 Thomas Jones Way, Suite 100)" },
        { "name": "EXTON - Primary (724 W. Lincoln Hwy)" },
        { "name": "EXTON - PT/OT (479 Thomas Jones Way)" },
        { "name": "EXTON - Radiology (700 W. Lincoln Hwy)" },
        { "name": "EXTON - Women's Specialty (728 W. Lincoln Hwy)" },
        { "name": "KENNETT SQUARE - Family (402 McFarlan Rd)" },
        { "name": "KENNETT SQUARE - Lab (400 McFarlan Rd)" },
        { "name": "KENNETT SQUARE - Longwood (404 McFarlan Rd)" },
        { "name": "KENNETT SQUARE - New Garden (830 W. Cypress St)" },
        { "name": "North Hill Foundation & Development (795 E. Marshall St, Suite 201)" },
        { "name": "North Hills Diabetes (795 E. Marshall St, Suite G2)" },
        { "name": "North Hills Medical Records (795 E. Marshall St, Suite 203)" },
        { "name": "Nursing Residence/Finance Building (701 E. Marshall St)" },
        { "name": "Penn Primary (440 E. Marshall St)" },
        { "name": "Rhoads Education Building (701 E. Marshall St)" },
        { "name": "WEST CHESTER - Family Medicine (1055 ANDREW DR.)" },
        { "name": "WEST CHESTER - Fern Hill - Building A (915 Old Fern Hill Rd)" },
        { "name": "WEST CHESTER - Fern Hill - Building B (915 Old Fern Hill Rd)" },
        { "name": "WEST CHESTER - Fern Hill - Building B Suite 201 (915 Old Fern Hill Rd)" },
        { "name": "WEST CHESTER - Fern Hill - Building D (915 Old Fern Hill Rd)" },
        { "name": "WEST CHESTER – Ob/Gyn (1055 Andrew Dr.)" },
        { "name": "WEST CHESTER - Ob/Gyn (600 E. Marshall St)" },
        { "name": "WEST CHESTER - Penn Family and Internal Medicine (839 Lincoln Ave)" },
        { "name": "WEST CHESTER - Penn Medicine Westtown Family Clinic (200 Willowbrook Ln, Suite 210)" },
        { "name": "WEST CHESTER - Penn Medicine Westtown PT Clinic (200 Willowbrook Ln, Suite 220)" },
        { "name": "WEST GROVE - Jenners Village Professional Building (105 Vineyard Way)" },
        { "name": "WEST GROVE - Penn Medicine Southern Chester County (455 Woodview Rd)" }
      ]
    },
    {
      "category": "Remote sites (RSI)",
      "sites": [
        { "name": "PMDH Main Hospital (595 W State St)" },
        { "name": "PMDH Pavillion (599 W State St)" },
        { "name": "PMDH Physician Offices" },
        { "name": "Swamp Road Building (4259 W Swamp Rd)" },
        { "name": "WARRINGTON - Health and Wellness Center (847 Easton Rd)" },
        { "name": "ATLANTIC CITY – Unite Here Health (1801 Atlantic Ave.)" },
        { "name": "BALA CYNWYD - Penn Medicine Bala Cynwyd (2 Bala Plaza)" },
        { "name": "BENSALEM - Bensalem Cardiology & Primary Care (1338 Bristol Pike)" },
        { "name": "BLUE BELL - PennSTAR 1 & CCT (Wings Airport)" },
        { "name": "BRYN MAWR - Penn Plastic Surgery (23 Morris Ave.)" },
        { "name": "CAPE MAY COURT HOUSE - Penn Cardiology (211 S. Main St.)" },
        { "name": "CAPE MAY COURT HOUSE - Penn Pulmonary Medicine (217 North Main St.)" },
        { "name": "CHALFONT - Penn Neurological Associates (700 Horizon Circle)" },
        { "name": "CHERRY HILL - Penn Medicine Cherry Hill (1865 Rt 70 East)" },
        { "name": "CHERRY HILL - Scheie Eye Cherry Hill (1940 NJ-70)" },
        { "name": "CHESTNUT HILL - Penn Family Med & Cardiology (33 E. Chestnut Hill Ave.)" },
        { "name": "CHESTNUT HILL - Penn Radiation, Oncology (8835 Germantown Ave.)" },
        { "name": "COLLEGEVILLE - Penn Primary Care (78 Second Ave.)" },
        { "name": "DOYLESTOWN - Penn Radiation Oncology (599 W. State St.)" },
        { "name": "ERDENHEIM - Penn Presbyterian Cardiology Chestnut Hill (906 Bethlehem Pike, 1st Floor)" },
        { "name": "ERDENHEIM - Penn Primary Care Chestnut Hill (906 Bethlehem Pike, 2nd Floor)" },
        { "name": "HAVERTOWN - Penn Primary Care Havertown (2510 Township Line Rd.)" },
        { "name": "HAVERTOWN - Penn Primary Care West Chester Pike (301 W. Chester Pike)" },
        { "name": "KING OF PRUSSIA - Penn Radiology Admin (491 Allendale Rd.)" },
        { "name": "LANSDALE – Penn Primary Care Lansdale (1970 North Broad Street)" },
        { "name": "LIMERICK - Penn Family Medicine & PennCare for Kids (420 W. Linfield-Trappe Rd. - Bldg A)" },
        { "name": "LIMERICK - Penn Gastroenterology (420 W. Linfield-Trappe Rd. - Bldg B)" },
        { "name": "LIMERICK - Penn Presbyterian Cardiology (410 W Linfield-Trappe Rd Suite 100B)" },
        { "name": "LIMERICK - Penn Primary and Specialty Care (410 W Linfield-Trappe Rd.)" },
        { "name": "LIMERICK - PMA Admin Suite (542 N Lewis Rd.)" },
        { "name": "LUMBERTON - PennSTAR 6 (South Jersey Regional Airport)" },
        { "name": "MAYFAIR - Penn Internal Medicine & Penn Cardiology (7133 Roosevelt Blvd.)" },
        { "name": "MEDIA - Penn Internal Medicine (605 W. State St.)" },
        { "name": "MEDIA - Scheie Eye Institute (601 W. State St.)" },
        { "name": "MT. LAUREL - Becker ENT (1015 Briggs Rd Suite 220)" },
        { "name": "MT. LAUREL - Penn Family and Int Med & Good Shepherd Penn Partners (5000 Dearborn Circle)" },
        { "name": "NEWARK - Penn Liver Transplant Clinic (537 Stanton Christiana Rd.)" },
        { "name": "NEWTOWN – Scheie Eye Institute (115 Pheasant Run, Suite 114)" },
        { "name": "PAOLI - Penn Radiology (250 W. Lancaster Ave.)" },
        { "name": "PHILADELPHIA - Delancey Internal Medicine & Penn Urgent Care S. Philadelphia (1930 S. Broad St.)" },
        { "name": "PHILADELPHIA - ISC Sterile Processing (3250 S. 76th St. Suite 100)" },
        { "name": "PHILADELPHIA - Mail-Order Pharmacy (3250 S. 76th St. Suite 400)" },
        { "name": "PHOENIXVILLE - Penn Primary and Specialty Care (826 Main St.)" },
        { "name": "PHOENIXVILLE - Penn Primary Care French Creek, Penn Fam Med & PennCare for Kids (824 Main St.)" },
        { "name": "POTTSTOWN - PennSTAR 4 (Heritage Field Airport)" },
        { "name": "POTTSTOWN - Penn Primary and Specialty Care & Penn Rheumatology (13 Armand Hammer Blvd.)" },
        { "name": "RADNOR - Good Shepherd Penn Partners (250 King Of Prussia Rd)" },
        { "name": "RADNOR - Penn Medicine Radnor (145 King Of Prussia Rd)" },
        { "name": "RADNOR - Penn Podiatry Main Line (528 E. Lancaster Ave.)" },
        { "name": "READING - Penn Transplant Institute: Liver Clinic, Kindey Clinic and Admin Office (301 South 7th Ave, W. Reading)" },
        { "name": "SCHWENKSVILLE - Penn Primary Care (102 Memorial Road)" },
        { "name": "SELLERSVILLE - Cardiology (670 Lawn Ave STE 3A.)" },
        { "name": "SELLERSVILLE - Penn Neurological Associates (920 Lawn Ave)" },
        { "name": "SEWELL - Becker ENT (570 Egg Harbor Rd.)" },
        { "name": "SEWELL - Penn Hematology Oncology (239 Hurfville-Cross Keys Road)" },
        { "name": "SOMERS POINT - Penn Pulmonary Medicine & Cardiology (155 Medical Center Way)" },
        { "name": "SPRINGFIELD - Penn Family Medicine Woodland Ave (1260 E Woodland Ave)" },
        { "name": "SPRINGFIELD - Penn Primary Care ((9 N. Brookside Rd.)" },
        { "name": "VALLEY FORGE - Penn Medicine at Valley Forge" },
        { "name": "VINELAND - Penn Cardiology (1076 E. Chestnut Ave.)" },
        { "name": "VINELAND – Scheie Eye Institute (1318 S Main Road, Building 2 Unit A)" },
        { "name": "VOORHEES - Becker ENT (1001 Sheppard Rd.)" },
        { "name": "VOORHEES - Becker ENT (1002 Sheppard Rd.)" },
        { "name": "VOORHEES - Becker ENT (1605 Evesham Rd.)" },
        { "name": "VOORHEES - Becker ENT (709 Haddonfield-Berlin Road)" },
        { "name": "VOORHEES - Penn Family Medicine (1020 Laurel Oak Rd.)" },
        { "name": "VOORHEES - Penn Hematology Oncology (200 Bowman Dr.)" },
        { "name": "WOODBURY - Becker ENT & Allergy (630 Salem Ave)" },
        { "name": "WOODBURY HEIGHTS - Penn Medicine Woodbury Heights" },
        { "name": "WYNDMOOR - Penn Internal Medicine (8200 Flourtown Avenue.)" },
        { "name": "YARDLEY - Becker ENT (111 Floral Vale Blvd.)" },
        { "name": "YARDLEY - Bucks Dermatology (1000 Floral Vale Blvd.)" },
        { "name": "YARDLEY - Penn Medicine Yardley (777 Township Line Rd.)" }
      ]
    },
    {
      "category": "HUP",
      "sites": [
        { "name": "Ace Adams Tent (3000 Walnut St.)" },
        { "name": "CENTREX" },
        { "name": "Cyclotron (420 Curie Blvd)" },
        { "name": "DEVON MRI" },
        { "name": "DONNER" },
        { "name": "DULLES" },
        { "name": "FOUNDERS" },
        { "name": "GATES" },
        { "name": "GIBSON" },
        { "name": "Houston Hall (3417 Spruce St.)" },
        { "name": "Irvine Auditorium (3401 Spruce St.)" },
        { "name": "MALONEY" },
        { "name": "RAVDIN" },
        { "name": "RAVDIN COURTYARD" },
        { "name": "RHOADS" },
        { "name": "SILVERSTEIN" },
        { "name": "STEMMLER HALL" },
        { "name": "VA HOSPITAL" },
        { "name": "WEIGHTMAN HALL" },
        { "name": "WHITE" },
        { "name": "HUP Cedar" },
        { "name": "HUP Cedar (54th & Cedar Ave)" },
        { "name": "HUP Pavilion" },
        { "name": "Campus (Pavilion)" },
        { "name": "Center (Pavilion)" },
        { "name": "City (Pavilion)" },
        { "name": "3400 Spruce Philadelphia PA 19104"}
      ]
    },
    {
      "category": "LGH",
      "sites": [
        { "name": "410 N. Lime Street" },
        { "name": "ABBCI" },
        { "name": "Brownstown" },
        { "name": "Burle (1070 New Holland Ave.)" },
        { "name": "Center for Health Care Innovation" },
        { "name": "Commercial" },
        { "name": "Downtown Outpatient Pavilion (DOP)" },
        { "name": "Home Health" },
        { "name": "Lancaster General Hospital" },
        { "name": "Lebanon" },
        { "name": "LGHealth Link" },
        { "name": "OnDemand Department" },
        { "name": "Parkesburg" },
        { "name": "SOP 2150 Neurology" },
        { "name": "Suburban Outpatient Pavilion (SOP)" },
        { "name": "Willow Lakes Outpatient Center" },
        { "name": "Women & Babies Hospital (WBH)" }
      ]
    },
    {
      "category": "LGHP",
      "sites": [
        { "name": "Abbeyville" },
        { "name": "Alvernia Medical Counseling" },
        { "name": "Arthritis & Rheumatology" },
        { "name": "Behavioral Health" },
        { "name": "Centerville Family Medicine" },
        { "name": "Columbia - Outpatient Center" },
        { "name": "Comprehensive Care" },
        { "name": "County Line" },
        { "name": "Crooked Oak" },
        { "name": "Downtown" },
        { "name": "East Petersburg" },
        { "name": "Eichenlaub and May" },
        { "name": "Family & Maternity Medicine" },
        { "name": "FM Queen Street" },
        { "name": "Healthworks" },
        { "name": "Healthworks Alvernia" },
        { "name": "Healthworks Elizabethtown College" },
        { "name": "Healthworks Messicks" },
        { "name": "Healthworks Moravian Manor" },
        { "name": "Healthworks High Industries" },
        { "name": "Healthworks Manheim Township School District" },
        { "name": "Healthworks Pleasant View" },
        { "name": "Healthworks Queen Street" },
        { "name": "Healthworks Rock Med" },
        { "name": "Healthworks Signature" },
        { "name": "Healthworks Willow Lakes" },
        { "name": "HWM & Bariatric Surgery" },
        { "name": "Kissel Hill – Outpatient" },
        { "name": "Kissel Hill – Urgent Care" },
        { "name": "Lancaster General Health Center (Lebanon)" },
        { "name": "Lancaster General Health Pediatric Specialists" },
        { "name": "LANCASTER NEUROSCIENCE AND SPINE ASSOCIATES" },
        { "name": "Leola Family Medicine" },
        { "name": "LG Health at F&M College Student Wellness Center" },
        { "name": "LG Health Care Connections" },
        { "name": "LG Health Express Lancaster Shopping Center" },
        { "name": "LGH Internal Medicine" },
        { "name": "LGH Pain Center" },
        { "name": "LGH Surgical Group" },
        { "name": "LGHP Geriatrics" },
        { "name": "Lincoln Family Medicine" },
        { "name": "Lititz Family Medicine" },
        { "name": "Manheim Family Medicine" },
        { "name": "Manor Ridge Family Medicine" },
        { "name": "Mount Joy" },
        { "name": "Neuroscience and Spine Associates" },
        { "name": "New Holland" },
        { "name": "Norlanco - Family Medicine" },
        { "name": "Norlanco - Outpatient Center" },
        { "name": "Norlanco - Urgent Care" },
        { "name": "Novara Health" },
        { "name": "Orthopedics (LGHP)" },
        { "name": "Oxford" },
        { "name": "Parkesburg" },
        { "name": "Pediatric Specialists" },
        { "name": "Penn OBGYN" },
        { "name": "Physical Medicine & Rehab" },
        { "name": "Quarryville" },
        { "name": "Quentin" },
        { "name": "Rock Medical" },
        { "name": "ROSENFELD, BELSER AND DAVIS, EAR, NOSE AND THROAT" },
        { "name": "Roseville PED Kissel Hill" },
        { "name": "Roseville PED CityGate" },
        { "name": "Sports Medicine" },
        { "name": "Strasburg" },
        { "name": "Susquehanna" },
        { "name": "Sycamore Square" },
        { "name": "The Heart Group of LG Health Trauma & Acute Care Surgery" },
        { "name": "Twin Rose Family Medicine Columbia" },
        { "name": "Twin Rose Family Medicine Wrightsville" },
        { "name": "Urgent Care Ephrata" },
        { "name": "Urgent Care Lancaster City" },
        { "name": "Urgent Care Lebanon" },
        { "name": "Urgent Care Parkesburg" },
        { "name": "Urgent Care Rohrerstown Road" },
        { "name": "Walter L. Aument Family Health Center" },
        { "name": "Willow Street" },
        { "name": "Wound Care & Hyperbaric Medicine" }
      ]
    },
    {
      "category": "PAH",
      "sites": [
        { "name": "AYERS" },
        { "name": "CARRIAGE HOUSE (727 DELANCEY ST)" },
        { "name": "CATHCART" },
        { "name": "Duncan Building North (700 Spruce St.)" },
        { "name": "Duncan Building South (301 South 8th St)" },
        { "name": "Farm Journal (230 W. Washington Sq.)" },
        { "name": "HALL MERCER" },
        { "name": "HARTE MEMORIAL" },
        { "name": "NORTH GATE HOUSE" },
        { "name": "Other (PAH)" },
        { "name": "Dermatology (235 S. 8TH ST)" },
        { "name": "Pennsylvania Nephrology Assoc. (Duncan Building Suite 403)" },
        { "name": "Pine Building" },
        { "name": "PNI Building (330 South 9th St.)" },
        { "name": "PRESTON" },
        { "name": "SCHIEDT" },
        { "name": "Spruce Building (801 South 8th St.)" },
        { "name": "WASHINGTON SQUARE" },
        { "name": "WIDENER" }
      ]
    },
    {
      "category": "PCAM",
      "sites": [
        { "name": "ATRIUM" },
        { "name": "COLKETT (CHOP)" },
        { "name": "CONCOURSE" },
        { "name": "E. PAVILLION" },
        { "name": "JORDON" },
        { "name": "S. PAVILLION" },
        { "name": "SMILOW" },
        { "name": "W. PAVILLION" }
      ]
    },
    {
      "category": "PMaH",
      "sites": [
        { "name": "BALA CYNWYD (150 MONUMENT RD)" },
        { "name": "KING OF PRUSSIA (625 CLARK AVE KOP)" },
        { "name": "West Chester (300 Willowbrook Lane)" }
      ]
    },
    {
      "category": "PPMC",
      "sites": [
        { "name": "3750 MARKET ST." },
        { "name": "4040 MARKET ST." },
        { "name": "CUPP" },
        { "name": "HVP (PHI)" },
        { "name": "MAB (3801 Market Street)" },
        { "name": "MOB" },
        { "name": "MUTCH" },
        { "name": "MYRIN" },
        { "name": "PAC" },
        { "name": "TSICU" },
        { "name": "HVICU" },
        { "name": "NeuroICU-CICU" },
        { "name": "Trauma" },
        { "name": "Penn Podiatry University City (51 North 39th St)" },
        { "name": "SCHEIE" },
        { "name": "WRIGHT-SAUNDERS" }
      ]
    },
    {
      "category": "PMUC",
      "sites": [
        { "name": "PMUC (3737 MARKET ST)" }
      ]
    },
    {
      "category": "Princeton (MCP)",
      "sites": [
        { "name": "Medical Center Princeton - Main Campus (UMCPP)(1 Plainsboro Rd)" },
        { "name": "Becker ENT (1 Union St)" },
        { "name": "Becker ENT (256 Bunn Drive)" },
        { "name": "Becker ENT (303 W Main Street Suite 500 Freehold)" },
        { "name": "Becker ENT (350 Forsgate Drive)" },
        { "name": "Becker ENT (5 Plainsboro Rd Suite 360)" },
        { "name": "Becker ENT (601 Ewing St Suite C6/C8)" },
        { "name": "Becker ENT (7 Chalks Crossing Rd Suite 324)" },
        { "name": "Becker ENT (719 US-206 Suite 101 Hillsborough)" },
        { "name": "Becker ENT Lawrenceville (168 Franklin Corner Rd)" },
        { "name": "Breast Health Center (300B Princeton-Hightstown Rd)" },
        { "name": "Cardiology Associates of Princeton (731 Alexander Road Suite 202)" },
        { "name": "Center for Pelvic Wellness (2 Center Drive, Monroe Suite 400)" },
        { "name": "Center for Pelvic Wellness at Hamilton (1315 Whitehorse Mercerville Road)" },
        { "name": "Comprehensive OB/GYN Care Princeton Medicine (1 Union St)" },
        { "name": "Dayton Penn Personalized Care (12 Stults Road)" },
        { "name": "Downtown Robbinsville (2346 NJ-33 Suite 107, Trenton)" },
        { "name": "Ewing Medical Associates Princeton Medicine (1539 Pennington Rd)" },
        { "name": "Family Medicine Dayton Princeton Medicine (401 Ridge Rd)" },
        { "name": "Family Medicine Rednor Risi (1 Washington Blvd)" },
        { "name": "Finance (993 Lennox Dr, Building 2)" },
        { "name": "Hamilton Medical Group Princeton Medicine (2275 Rt 33 Hamilton)" },
        { "name": "Hightstown Medical Associates (186 Princeton Hightstown Rd)" },
        { "name": "Hillsborough (315 US HWY 206 Suite 200)" },
        { "name": "Homecare (105 College Rd East)" },
        { "name": "Infusion Lawrenceville (123 Franklin Corner Rd Suites 104)" },
        { "name": "Internal Medicine Dr. Smelkson Princeton Medicine (2650 Rt 130 Cranbury)" },
        { "name": "Internal Medicine Princeton Medicine (2 Center Drive, Monroe)" },
        { "name": "Internal Medicine Princeton Pike Princeton Medicine (3100 Princeton Pike Rd)" },
        { "name": "Lab Outreach (132 Franklin Rd)" },
        { "name": "Lab Outreach (300A Princeton Hightstown Rd)" },
        { "name": "Marketing, Community Ed (731 Alexander Rd)" },
        { "name": "Medical Arts Pavilion MAP (5 Plainsboro Rd)" },
        { "name": "Medical Staff Office MSO (4 Princess Rd)" },
        { "name": "Monroe Medical Associates (339 Princeton Hightstown Rd)" },
        { "name": "Montgomery Internal Medicine Hillsborough (719 Route 206 Suite 100)" },
        { "name": "Montgomery Internal Medicine Princeton (727 State Road Suite 1)" },
        { "name": "OBGYN Princeton (10 Forrestal Rd S Suite 106)" },
        { "name": "OBGYN Robbinsville (1 Union St Suite 106)" },
        { "name": "Outpatient Behavioral Eatontown (615 Hope Rd)" },
        { "name": "Outpatient Behavioral Hamilton (300 Clocktower Rd)" },
        { "name": "Outpatient Behavioral Moorestown (351 New Albany Rd)" },
        { "name": "Outpatient Behavioral Mt. Lucas (741 Mt. Lucas Rd)" },
        { "name": "Outpatient Behavioral North Brunswick (1460 Livingston Ave)" },
        { "name": "Outpatient Behavioral Women's Program/ECT (1000 Herrontown Rd)" },
        { "name": "Outpatient Rehab - YMCA (1315 Whitehorse-Mercerville Rd)" },
        { "name": "Outpatient Rehab (1225 State Rd)" },
        { "name": "Outpatient Rehab (2 C enter Drive, Monroe)" },
        { "name": "Outpatient Rehab (7 Plainsboro Rd)" },
        { "name": "Patient Financial Services PFS (993 Lennox Dr, Building 2)" },
        { "name": "Pennington (2482 Pennington Road Suite 102)" },
        { "name": "Plainsboro Family Medicine Princeton Medicine (666 Plainsboro Rd)" },
        { "name": "Primary Care Manalapan (224 Taylor Mills Rd Suite 112)" },
        { "name": "Princeton House Inpatient (905 Herrontown Rd)" },
        { "name": "Princeton Medicine (281 Witherspoon Street)" },
        { "name": "Princeton Medicine (540 Ridge Rd, South Brunswick)" },
        { "name": "Princeton Medicine (601 Ewing Street)" },
        { "name": "Princeton Urogynecology (10 Forrestal Rd S Suite 205)" },
        { "name": "Rheumatology Lawrenceville (123 Franklin Corner Rd Suites 106)" },
        { "name": "Sachdeo - Epilepsy Program (1 Plainsboro Rd)" },
        { "name": "Surgery - Medical Arts Pavilion (5 Plainsboro Rd Suite 260)" },
        { "name": "Surgical Center (8 Center Drive, Monroe)" },
        { "name": "Women's Health Monroe (350 Forsgate Dr Suite 103)" }
      ]
    },
    {
      "category": "RITT",
      "sites": [
        { "name": "PennSTAR ALS (Graduate Hospital)" },
        { "name": "Puentes (1700 South Street)" },
        { "name": "RITTENHOUSE - MAIN BLDG (1800 LOMBARD)" },
        { "name": "TUTTLEMAN CENTER (1840 SOUTH)" }
      ]
    },
    {
      "category": "Community Connect",
      "sites": [
        { "name": "AMNAL - ARGIRES MAROTTI NEUROSURGICAL ASSOCIATES OF LANCASTER GROUP" },
        { "name": "AMSURG" },
        { "name": "Bralow Medical Group (420 Brainbridge St)" },
        { "name": "CARDIOTHORACIC SURGEONS OF LANCASTER PC" },
        { "name": "Central PA - CENTRAL PENNSYLVANIA CLINIC" },
        { "name": "Christine Meyer MD and Associates" },
        { "name": "CSC - CLINIC FOR SPECIAL CHILDREN" },
        { "name": "Gross Family Medicine (2240 S. 3RD ST)" },
        { "name": "Gross Family Medicine (732 S. 8TH ST)" },
        { "name": "Health Steps Pediatrics (750 W Lincoln Hwy)" },
        { "name": "HEART SPECIALISTS OF LANCASTER COUNTY" },
        { "name": "HKS - HYPERTENSION AND KIDNEY SPECIALISTS" },
        { "name": "HOPE WITHIN COMMUNITY HEALTH CENTER" },
        { "name": "LBHH - LANCASTER BEHAVIORAL HEALTH HOSPITAL" },
        { "name": "LENT - LANCASTER EAR NOSE AND THROAT, LLC" },
        { "name": "LOG - LANCASTER ORTHOPEDIC GROUP" },
        { "name": "LOGSC - Lancaster Orthopedic Group Surgical Center" },
        { "name": "LPA - LANCASTER PEDIATRIC ASSOCIATES" },
        { "name": "LRH - LANCASTER REHABILITATION HOSPITAL" },
        { "name": "NEUREUTER - LOUIS J NEUREUTER MD" },
        { "name": "NPSC - North Pointe Surgery Center" },
        { "name": "NOVARA" },
        { "name": "OAL - ORTHOPEDIC ASSOCIATES OF LANCASTER LTD" },
        { "name": "PAL - PULMONARY ASSOCIATES OF LANCASTER" },
        { "name": "PentaHealth Business Office" },
        { "name": "PentaHealth Today" },
        { "name": "PentaHealth - Colonial Family Practice" },
        { "name": "PentaHealth - Downingtown" },
        { "name": "PentaHealth - Endo" },
        { "name": "PentaHealth - Family Practice of Exton" },
        { "name": "PentaHealth - Family Practice of West Chester" },
        { "name": "PentaHealth - Internal Family of WC" },
        { "name": "PentaHealth - Mt. Airy" },
        { "name": "PentaHealth - Newtown Square" },
        { "name": "PentaHealth - Village Family Medicine" },
        { "name": "PMC - PALLIATIVE MEDICINE CONSULTANTS" },
        { "name": "REGIONAL GI Procedure Center" },
        { "name": "Renzi Medical PC (1313-1315 Wolf St)" },
        { "name": "RGI ANESTHESIA SERVICES LLC" },
        { "name": "RGI - REGIONAL GI" },
        { "name": "RIGANO - RUDOLPH F RIGANO JR MD" },
        { "name": "SOCIETY HILL REPRODUCTIVE MEDICINE" },
        { "name": "TANDIGM" },
        { "name": "WSHS - WATER STREET HEALTH SERVICES" },
        { "name": "Other (LGH Community Connect)" }
      ]
    },
    {
      "category": "Data Center",
      "sites": [
        { "name": "Brownstown (BRO)" },
        { "name": "Duke Street (DUKE)" },
        { "name": "Newark Data Center (NDC)" },
        { "name": "Philadelphia Tier Point (PTP)" }
      ]
    }
  ]
}
